動画ID,タイトル,1週間前再生数,現在再生数,増加数,投稿日,チャンネル
PgCc3OMrS8c,今はいいんだよ。 / MIMI【Covered by Kotoha】,39211790,39579370,367580,2023/01/24,Kotoha
6vqG32gEmzA,愛するように / MIMI【Covered by Kotoha】,22465548,22639114,173566,2022/11/13,Kotoha
fEv7tsjx7TU,だきしめるまで。 / MIMI【Covered by Kotoha】,18366663,18487433,120770,2022/02/14,Kotoha
42jhMWfKY9Y,質問、恋って何でしょうか？／HoneyWorks feat.ハコニワリリィ(アニメ『男女の友情は成立する？（いや、しないっ!!）』OPテーマ)【Music Video】,4049010,4159752,110742,2025/04/05,MARUMOCHI from HoneyWorks
nDeKfR5iBxY,"HoneyWorks - 可愛くてごめん feat. CHiCO, mona, ハコニワリリィ, 可憐なアイボリー, 高嶺のなでしこ / THE FIRST TAKE",1366786,1464431,97645,2025/11/21,THE FIRST TAKE
Aq8bmrnbuII,"HoneyWorks - 決戦スピリット feat. CHiCO, mona, ハコニワリリィ, 可憐なアイボリー, 高嶺のなでしこ / THE FIRST TAKE",501898,591675,89777,2025/12/03,THE FIRST TAKE
ZydTuPk8xxs,プロポーズ / なとり【Covered by Kotoha】,466629,545870,79241,2025/11/12,Kotoha
k9-OQj5O6yc,消えない温度(feat.MIMI) / Kotoha【Music Video】,2638363,2676404,38041,2024/08/17,Kotoha
5f-0JICG9GA,質問、恋って何でしょうか？／HoneyWorks feat.ハコニワリリィ(アニメ『男女の友情は成立する？（いや、しないっ!!）』OPテーマ)【アニメMusic Video】,527430,556245,28815,2025/09/26,MARUMOCHI from HoneyWorks
i3E2eNdfF8g,『地球最後の告白を』Acoustic cover. 優里× Kotoha（ハコニワリリィ）,1902767,1930551,27784,2025/05/06,優里ちゃんねる【公式】
E8Tj1pAJ7qw,革命道中 -On The Way- / アイナ・ジ・エンド【Covered by Kotoha】,138444,166222,27778,2025/12/04,Kotoha
0wGvSmOMeNU,愛言葉Ⅳ / DECO*27【Covered by Kotoha】,3049972,3074705,24733,2022/07/02,Kotoha
DR6sk5Ye_SU,IRIS OUT／米津玄師【Covered by Hanon】,118135,140703,22568,2025/11/30,Hanon
H0qsdnaWWTo,金曜日のおはよう-another story-／HoneyWorks【Covered by Hanon】,6834255,6855133,20878,2020/05/28,Hanon
7lsBWv0tgJQ,点描の唄／Mrs. GREEN APPLE feat. 井上苑子【Kotoha × Tani Yuuki】,635166,654805,19639,2025/07/27,Kotoha
T6on-Fy9Rms,決戦スピリット／CHiCO with HoneyWorks【Hanon ver.】,60945,80520,19575,2025/12/07,Hanon
hgS_4X5st9w,それで充分だよ。/MIMI 【Covered by Kotoha】,2458392,2477363,18971,2024/03/19,Kotoha
TDpJAuxpfMs,愛に出会い恋は続く／HoneyWorks feat.Kotoha,17669688,17688139,18451,2019/09/13,HoneyWorks OFFICIAL
35FxbLTlGNI,あの夏が飽和する。 / カンザキイオリ【Covered by Kotoha】,4815852,4833329,17477,2022/05/11,Kotoha
qzoq8cpp6qI,モエチャッカファイア / 弌誠【covered by Kotoha】,4410720,4426924,16204,2024/08/24,Kotoha
u2qNfxs2nzc,花の塔／さユり【Covered by Hanon×Kotoha】,3747346,3762074,14728,2022/12/18,Hanon
Qou76O_Rys0,誇り高きアイドル／HoneyWorks feat.Kotoha,12841121,12855601,14480,2021/03/19,HoneyWorks OFFICIAL
aDWAXtpNR2U,絶対称賛！／HoneyWorks feat.ハコニワリリィ(アニメ『笑顔のたえない職場です。』OPテーマ)【Music Video】,1485625,1498705,13080,2025/10/13,MARUMOCHI from HoneyWorks
uxiXvSGYGuU,サマータイムレコード / じん【covered by Kotoha】,1878563,1891495,12932,2024/02/25,Kotoha
eFLM2OopCrQ,キラキラ／HoneyWorks feat.ハコニワリリィ(アニメ「結婚するって、本当ですか」OPテーマ)【Music Video】,2189306,2201710,12404,2024/10/04,MARUMOCHI from HoneyWorks
Y3M1in9yOqo,Tani Yuuki × ハコニワリリィ(Hanon&Kotoha) - ハロ／ハワユ - ナノウ【コラボ】,592110,604006,11896,2025/07/20,Tani Yuuki
ucpncfuqfvs,シネマ / Ayase【Covered by Kotoha】,1174345,1186123,11778,2023/05/31,Kotoha
rgR3p28NJ0Q,質問、恋って何でしょうか？ -Acoustic Live ver.- ／ハコニワリリィ,262769,274114,11345,2025/09/12,MARUMOCHI from HoneyWorks
_hERKC5m7Gc,ハルカ / YOASOBI【Covered by Kotoha】,1784122,1795408,11286,2023/06/10,Kotoha
edeJIieG7dk,質問、恋って何でしょうか？ / Kotoha solo ver.(アニメ『男女の友情は成立する？（いや、しないっ!!）』OPテーマ)【Kotoha solo ver.】,864062,875325,11263,2025/04/12,Kotoha
57d8UwUBidM,チェリーポップ / DECO*27【Covered by Kotoha】,438279,449380,11101,2025/08/03,Kotoha
7v_RhtaU1Ss,トリセツ /  西野カナ【Covered by Kotoha】,2662468,2673016,10548,2020/05/20,Kotoha
h8BTdvC95CU,2人きりになっちゃってよ／Hanon×Kotoha【Music Video】,1831024,1841342,10318,2024/04/14,MARUMOCHI from HoneyWorks
amPkwDvUays,ただ声一つ / ロクデナシ【Covered by Kotoha】,2276563,2286776,10213,2022/06/03,Kotoha
UdXxY3kLdVc,#あくあ色ぱれっと / 湊あくあ【Covered by Kotoha】,531378,541198,9820,2025/06/10,Kotoha
HCQyiBx6YgU,Flyer! / Chinozo【covered by Kotoha】,777774,787538,9764,2024/06/10,Kotoha
fZS4k2Yg1ek,レオ / 優里【Covered by Kotoha】,4349646,4359408,9762,2022/01/18,Kotoha
rNiD3CMe1Qo,ベテルギウス / 優里【Covered by Kotoha】,4694323,4704040,9717,2021/11/01,Kotoha
-JNZvqMT0m4,『夜もすがら君想ふ』Acoustic cover. 優里×Hanon（ハコニワリリィ）,901588,911281,9693,2025/04/24,優里ちゃんねる【公式】
-pJIev6Xm7M,ダーリン／Mrs. GREEN APPLE【Covered by Hanon】,390261,399713,9452,2025/03/01,Hanon
Wx-5gsuzyZs,可愛くてごめん / HoneyWorks (Kotoha Ver.),1616785,1626228,9443,2022/11/28,Kotoha
aZm92Iv4l1c,W/X/Y／Tani Yuuki【Covered by Hanon】,5381885,5391254,9369,2022/03/01,Hanon
XrEI3eZmfWY,心做し / 蝶々P【Covered by Kotoha】,1980991,1989596,8605,2021/04/08,Kotoha
sZTCocxOlpc,怪物 / YOASOBI【Covered by Kotoha】,872917,881330,8413,2021/03/16,Kotoha
nPfWr9zH5LU,ツバメ / YOASOBI feat.ミドリーズ【Covered by Kotoha】,567179,575575,8396,2021/11/18,Kotoha
KqKVBSHtCJU,にんころダンス／HoneyWorks feat.ハコニワリリィ(アニメ『忍者と殺し屋のふたりぐらし』EDテーマ)【Music Video】,1388659,1396828,8169,2025/04/17,MARUMOCHI from HoneyWorks
_2WAEzPwCGs,【HoneyWorks BAND】アイネクライネ-Acoustic Live ver- 【Covered by Kotoha】,2812354,2820520,8166,2020/08/29,Kotoha
vIi6rxOAwR4,モニタリング / DECO*27【Covered by Kotoha】,539529,547610,8081,2025/03/01,Kotoha
fuXSoyuXBYM,ハコニワリリィ『キョリ感』 (アニメ「阿波連さんははかれない」EDテーマ) 【Music Video】,2950538,2958432,7894,2022/05/25,MARUMOCHI from HoneyWorks
7x8-ts2HO-A,ずうっといっしょ！ / キタニタツヤ【covered by Kotoha】,644436,652106,7670,2024/10/27,Kotoha
N4aUzqRSbjI,初恋サイダー（Buono! ）／ CHiCO×Hanon×Kotoha,293729,301217,7488,2025/06/21,MARUMOCHI from HoneyWorks
Gg-CiovKrz8,恋風 / 幾田りら【Covered by Kotoha】,275302,282732,7430,2025/08/09,Kotoha
qQEbHEjne9M,初めての恋が終わる時 / ryo(supercell)【Covered by Kotoha】,1866735,1874153,7418,2021/12/12,Kotoha
F-8hNXwpaSM,大嫌いなはずだった。/ HoneyWorks【Covered by Hanon×Kotoha】,1253914,1261216,7302,2021/04/04,Kotoha
g_Adcg6P1P0,魔法のない世界で生きるということ／ユルーカ研究所【Covered by Kotoha】,3840244,3847422,7178,2022/08/13,Kotoha
w-X4AUliq2Q,StaRt / Mrs. GREEN APPLE【covered by Kotoha】,1012965,1020141,7176,2024/03/01,Kotoha
u6uAvFAqNYE,心拍数♯0822 / 蝶々P【Covered by Kotoha】,1444847,1451957,7110,2022/08/22,Kotoha
weELCo5vI4o,猫／DISH//【Covered by Hanon】,4826753,4833787,7034,2020/05/19,Hanon
_Q8OhyDM_Sg,水平線 / back number【Covered by Kotoha】,2431652,2438671,7019,2021/01/23,Kotoha
HH0BZT2Hfmc,好き！雪！本気マジック / Mitchie M【Covered by Kotoha】,704864,711657,6793,2021/02/26,Kotoha
qEVc2OUuLZc,"[MV] DYES IWASAKI - ジャンキーハニー！ feat.ハコニワリリィ, Gom, ななひら, 青妃らめ, Sooda [#HoYoFair #ZenlessZoneZero]",740038,746728,6690,2025/07/06,DYES IWASAKI (from FAKE TYPE.)
n6iJHhVwfdk,【ポケットモンスターOP】１・２・３／After the Rain【Covered by Hanon×Kotoha】,2730216,2736775,6559,2021/03/09,Hanon
3KpGONZrOJo,ツキミソウ／Novelbright【Covered by Hanon】,2597381,2603931,6550,2021/04/28,Hanon
jEP0T2N0Kn4,セカイ / DECO*27×堀江晶太(kemu) 【Covered by Kotoha】,2499602,2506128,6526,2020/12/04,Kotoha
RUh3CO2GwEE,ふわり / MIMI【Covered by Hanon×Kotoha】,843716,850093,6377,2023/04/18,Kotoha
VHksRqe8d-Y,クリスマスソング／back number【Covered by Hanon】,583671,589952,6281,2020/12/24,Hanon
VfXO8G8SfR8,くうになる / MIMI 【Covered by Kotoha×七海うらら】,516279,522547,6268,2024/12/16,七海うらら*歌channel
uiOpZpzM1Vk,正しくなれない／ずっと真夜中でいいのに。【Covered by Hanon】,493712,499838,6126,2021/04/02,Hanon
S6vGv9EEnZs,いますぐ輪廻 / なきそ【Covered by Kotoha】,140837,146849,6012,2025/10/16,Kotoha
LtgJm7q0J78,silent / SEKAI NO OWARI【Covered by Kotoha】,1430178,1436189,6011,2020/12/24,Kotoha
2qkxxlZGU9Y,ライラック／Mrs. GREEN APPLE【Covered by Hanon】,1024724,1030709,5985,2024/05/25,Hanon
MNBzZmrJWtM,春泥棒 / ヨルシカ【Covered by Kotoha】,643438,649256,5818,2021/05/14,Kotoha
40M1ljtF3-Y,乙女どもよ。／Hanon《cover》,505308,511086,5778,2019/09/11,Hanon
pOWmoxNIRv4,ダイダイダイダイダイキライ / 雨良 【Covered by Hanon×Kotoha】,508786,514443,5657,2025/04/22,Kotoha
GY5QlOBfwJY,アイワナムチュー / MAISONdes【Covered by Kotoha】,689479,695075,5596,2023/02/03,Kotoha
kUQXIxK1fpI,ベテルギウス／優里【Covered by Hanon】（Betelgeuse／Yuuri）,4198889,4204398,5509,2021/10/17,Hanon
ZTqeWNIxkhE,マシュマロ / DECO*27【Covered by Kotoha】,100190,105636,5446,2025/10/19,Kotoha
j19Ykiee8jQ,ましろ色シンフォニー SANA EDITION OPムービー,1108965,1114323,5358,2023/05/19,ぱれっとチャンネル
a1pa3YolT6w,クスシキ／Mrs. GREEN APPLE【Covered by Hanon】,273944,279263,5319,2025/06/20,Hanon
sRRzqCFqTNo,いらないもの - キタニタツヤ×なとり／Hanon ×くろくも（cover),205251,210520,5269,2025/02/16,Hanon
boabmCHlmBw,ブラック★ロックシューター / ryo (supercell)【Covered by Kotoha】,1119903,1125141,5238,2022/09/19,Kotoha
cIU-58WeeaY,幾億光年／Omoinotake【Covered by Hanon】,631017,636191,5174,2024/08/21,Hanon
12fS8zDgEiY,僕が最高だから／ハコニワリリィ【Music Video】,1935438,1940449,5011,2022/10/22,MARUMOCHI from HoneyWorks
dXhzyLmQ6Vc,キュンってさせて！／Hanon×Kotoha【Music Video】,509408,514352,4944,2024/08/09,MARUMOCHI from HoneyWorks
DW9Q9u7gSKw,絶頂讃歌 / 和ぬか【Covered by Kotoha】,1136620,1141516,4896,2022/10/04,Kotoha
DZzzsZJGALM,Q&A リサイタル！／戸松遥【Covered by Hanon】,684587,689462,4875,2024/03/14,Hanon
wuxIBXquw3s,ブルーアンバー／back number【Covered by Hanon】,187532,192399,4867,2025/05/25,Hanon
kuaCRwtjUHE,私のこと好きでしょ？／Hanon×Kotoha【Music Video】,691728,696513,4785,2024/03/27,MARUMOCHI from HoneyWorks
d8hDuDBGfXk,メイド☆至上主義(feat. かぴ×Hanon×Kotoha)／HoneyWorks,2421060,2425790,4730,2023/11/03,HoneyWorks OFFICIAL
u0OvEzIYYPM,人生は最高の暇つぶし／HoneyWorks feat.Hanon,5838889,5843545,4656,2021/04/24,HoneyWorks OFFICIAL
leRS6hwqZto,[MV] DYES IWASAKI × ハコニワリリィ x Gom - Rabbit Number [Zenless Zone Zero],2016164,2020775,4611,2024/07/31,DYES IWASAKI (from FAKE TYPE.)
PID_3lV8gJU,ラブレター / YOASOBI【Covered by Kotoha】,780233,784819,4586,2021/09/12,Kotoha
OFB9awJX0mA,テロメアの産声 / Heavenz【Covered by Kotoha】,173797,178288,4491,2025/09/21,Kotoha
KxmplNnFPvg,my crush / 香椎モイミ【Covered by Kotoha】,999144,1003573,4429,2022/02/10,Kotoha
d_VIsKGSDXU,メリクリ／BoA【Covered by Hanon】,476599,481025,4426,2021/12/25,Hanon
rNxIk7evVww,ハオ / DECO*27【covered by Kotoha】,598512,602870,4358,2024/06/30,Kotoha
s6gqyXc3nqk,いらないもの / キタニタツヤ×なとり【Covered by Kotoha×ヴァヴ】,292615,296927,4312,2025/02/21,Kotoha
OvLE3VQ18UY,Calc. / ジミーサムP【Covered by Kotoha】,1187690,1191965,4275,2022/04/27,Kotoha
_4wRPVOihBA,Subtitle／Official髭男dism【Covered by Hanon】,1457867,1462118,4251,2022/12/22,Hanon
4-ajo-XGsuE,今、恋がはじまれ。/ HoneyWorks (Kotoha Ver.),122236,126453,4217,2025/10/01,Kotoha
oT2U8-gUrx8,【NARUTO-ナルト-疾風伝OP】シルエット / KANA-BOON【Covered by Hanon×Kotoha】,974139,978338,4199,2021/01/30,Kotoha
UgEXrxko-oc,イレヴンス / ポリスピカデリー【Covered by Kotoha】,122030,126228,4198,2025/07/24,Kotoha
Ad8qqC9Wxx4,勿忘 / Awesome City Club【Covered by Kotoha】,692552,696656,4104,2021/02/21,Kotoha
wePCOoU7bSs,ツインテール魔法少女／Hanon×Kotoha【Music Video】,899275,903364,4089,2024/02/09,MARUMOCHI from HoneyWorks
GPeQt9SNR_Q,ドライフラワー / 優里【Covered by Kotoha】,1638098,1642131,4033,2020/12/19,Kotoha
QDRjR8SWNYA,キラキラ / HoneyWorks feat.ハコニワリリィ【Kotoha solo ver.】(アニメ「結婚するって、本当ですか」OPテーマ),428239,432253,4014,2024/11/01,Kotoha
e0vume4Fkvk,Shape of You／Ed Sheeran【Covered by Hanon】,920960,924972,4012,2020/04/24,Hanon
Cx20wVYuchM,【ぴちぴちピッチ】Legend of Mermaid【8人で歌ってみた】,163403,167342,3939,2025/08/16,月乃 / Tsukino Channel
MbId3aPHaE0,【まるもち部】白い雪のプリンセスは【Hanon×めぐ×Kotoha】,764272,768037,3765,2021/12/24,めぐちゃんねる
O-sHoI0zVso,センパイ。／星川サラ×Hanon×Kotoha【歌ってみた】,1361440,1365196,3756,2022/08/24,MARUMOCHI from HoneyWorks
X8TLVvIyEaw,まちがいさがし／菅田将暉【Covered by Hanon】,2063403,2067142,3739,2019/07/10,Hanon
6SsLXip4qAE,115万キロのフィルム／Official髭男dism【Covered by Hanon】,1009080,1012781,3701,2020/11/18,Hanon
FJvZalIGHQ8,徘徊 / AKASAKI【Covered by Kotoha】,193163,196831,3668,2025/05/16,Kotoha
Xj8kx7p-n-4,【全力で】誇り高きアイドル／HoneyWorks【Covered by Hanon】,401629,405290,3661,2021/03/27,Hanon
BLihH3vfOUw,ミライチズ／夜のひと笑い【Hanon×Kotoha ver.】,2639975,2643625,3650,2021/06/05,MARUMOCHI from HoneyWorks
Rq5XRU2D9PI,ファンサ／Hanon【HoneyWorks】,141493,145097,3604,2025/05/23,Hanon
_Zp_cnl8ubc,世界一の友人だったあなたへ／ハコニワリリィ【Music Video】,1838334,1841900,3566,2022/12/11,MARUMOCHI from HoneyWorks
2hxCHM7r4Y4,再会 ／LiSA×Uru【Covered by Hanon×Kotoha】,2472536,2476080,3544,2020/11/12,Hanon
OyrbedPzE6c,とても素敵な六月でした / Eight【Covered by Kotoha】,869759,873292,3533,2023/06/30,Kotoha
ys1NW9FmPCQ,水平線／back number【Covered by Hanon】,1378934,1382467,3533,2021/05/28,Hanon
lKX2ZoAgApQ,ケセラセラ／Mrs. GREEN APPLE【Covered by Hanon】,808986,812381,3395,2023/09/06,Hanon
BKfwGa7WL5E,もしもし♡／UNIS【ハコニワリリィver.】,78393,81768,3375,2025/10/31,MARUMOCHI from HoneyWorks
zzc2EjlICUg,別れ／夜のひと笑い【Hanon×Kotoha】,876807,880140,3333,2022/09/11,MARUMOCHI from HoneyWorks
jXT5KvkHLCw,雪の華／中島美嘉【Covered by Hanon】,519121,522436,3315,2021/01/26,Hanon
oK_AxMSxlkg,死ぬのがいいわ / 藤井風【covered by Kotoha】,318295,321595,3300,2023/09/07,Kotoha
l3gfijNeq_I,プレイ / Giga【Covered by Kotoha】,127252,130528,3276,2025/08/17,Kotoha
GAXBbaE0wao,Overdose / なとり【Covered by Kotoha】,736044,739296,3252,2022/11/03,Kotoha
UwWiXJ41uzo,恋色 / もさを。【Covered by Kotoha】,839541,842773,3232,2021/09/27,Kotoha
NUPCiV1pIwc,「パニシング：グレイレイヴン」セレーナ・希声イメージ曲『Dear You あなたへ』【Covered by Hanon】,103362,106591,3229,2025/04/27,Hanon
TI43_Sy8QAM,CITRUS／Da-iCE【Covered by Hanon】,1946701,1949926,3225,2021/06/21,Hanon
BjLWCcdFKQs,ただ君に晴れ / ヨルシカ【Covered by Kotoha】,1147436,1150658,3222,2020/09/29,Kotoha
IC7f_cBtus8,スパークル / 幾田りら【Covered by Kotoha】,1034247,1037417,3170,2022/01/31,Kotoha
o_t0IrmnfeU,回る空うさぎ / Orangestar【Covered by Kotoha】,1195596,1198712,3116,2021/05/07,Kotoha
WuNXkeFXp_U,私は最強／Ado（ウタ from ONE PIECE FILM RED）【Covered by Hanon】,1348459,1351571,3112,2022/08/20,Hanon
yKLJQl8tG6Q,ワライカタ／夜のひと笑い【Hanon×Kotoha ver.】,2317427,2320527,3100,2021/11/12,MARUMOCHI from HoneyWorks
T9BY8ReZh1I,青空のラプソディ／fhána 【Hanon × Kotoha】,1415877,1418971,3094,2021/08/08,Kotoha
KSsqnp53Ld0,白い恋人達 / 桑田佳祐【Covered by Kotoha】,391824,394917,3093,2021/12/25,Kotoha
eIHqx62yDBQ,元彼女のみなさまへ ‐acoustic arrange ver.‐ / コレサワ【covered by Kotoha】,315670,318760,3090,2024/12/18,Kotoha
nN8Rxur8M3M,コネクト／ClariS【Hanon×Kotoha】,640737,643806,3069,2023/05/05,MARUMOCHI from HoneyWorks
srzVhDN2zME,シャッター / 優里【Covered by Kotoha】,1674385,1677413,3028,2021/07/15,Kotoha
WmU5hyWWRYw,テトリス / 柊マグネタイト【Covered by Kotoha】,235723,238691,2968,2025/04/30,Kotoha
2A83v4N-G6k,夜撫でるメノウ / Ayase 【Covered by Kotoha】,1145982,1148941,2959,2021/09/22,Kotoha
OhSjWdZwgaQ,ちゅ、多様性。／ano【Covered by Hanon】,370454,373408,2954,2023/01/23,Hanon
20DjcAiXG3U,ザムザ／てにをは【Hanon×konoco】,360372,363309,2937,2023/06/30,Hanon
fAOHiwrKIxs,【オリジナルMV】快晴 / Orangestar【Covered by Kotoha】,922210,925146,2936,2020/08/24,Kotoha
QlGMxmAbPgU,ファンサ / HoneyWorks【covered by Kotoha】,356955,359888,2933,2024/03/03,Kotoha
3Kr4Vr7lmKU,トウキョウ・シャンディ・ランデヴ / MAISONdes【Covered by Kotoha】,1002635,1005559,2924,2022/12/25,Kotoha
2kPfpQ4t6BQ,【誕生日記念】Stellar Stellar／星街すいせい【Covered by Hanon】,148968,151813,2845,2025/03/06,Hanon
wJ8tEU0vOrM,神っぽいな / ピノキオピー【Covered by Kotoha】,1337102,1339939,2837,2021/12/19,Kotoha
0ShA8PZqsjg,恋風／幾田りら【Covered by Hanon】,115378,118202,2824,2025/08/01,Hanon
8MiqsC9bjJA,ファンサ／HoneyWorks feat.ハコニワリリィ,176857,179659,2802,2025/02/12,MARUMOCHI from HoneyWorks
X6uvdJhEb1s,Mela!／緑黄色社会【Covered by Hanon】,1031460,1034226,2766,2021/02/23,Hanon
EEUz03MGsW8,【誕生日記念】ODDS&ENDS／ryo（supercell）【Covered by Hanon】,370654,373409,2755,2024/03/06,Hanon
Mgy2mM1ptss,【誕生日記念】LIFE／傘村トータ【Covered by Hanon】,264503,267185,2682,2023/03/06,Hanon
r6sJl0ilLrs,orion / 米津玄師【Covered by Kotoha】,830318,832987,2669,2020/12/12,Kotoha
pepS03cgX1s,勇者 / YOASOBI【covered by Kotoha】,601638,604288,2650,2023/12/03,Kotoha
c_ckHQOh6cc,紡ぎ／Hanon【Music Video】,139541,142132,2591,2025/02/28,Hanon
9Pl-tHty_r8,エンパープル／はるまきごはん【Covered by Hanon】,233474,236012,2538,2024/07/16,Hanon
5bUwPO-8W8s,可愛いあの子が気にゐらない / なるみや【covered by Kotoha】,346488,349021,2533,2024/01/08,Kotoha
zdsJ1cnN82o,好きにさせた癖に / あれくん【Covered by Kotoha】,765872,768386,2514,2020/11/16,Kotoha
xn3IjKqTiNI,ブラッディ・グルービー / ChroNoiR(cover)【Hanon×Kotoha】,510393,512906,2513,2024/02/28,Kotoha
Kju_tIJcP5k,愛に出会い恋は続く／HoneyWorks feat.ハコニワリリィ,230992,233502,2510,2024/12/10,MARUMOCHI from HoneyWorks
Wg0FqDvks4M,【誕生日記念】僕のこと／Mrs. GREEN APPLE【Covered by Hanon】,669812,672309,2497,2022/03/06,Hanon
WPexJDbeYjw,晩餐歌／tuki.【Covered by Hanon】,788572,791043,2471,2023/12/15,Hanon
pTkGRgpXDUY,虹／菅田将暉【Covered by Hanon】,1701272,1703725,2453,2020/12/21,Hanon
bh8MATKKLAU,「鬼滅の刃-遊郭編-OP」残響散歌／Aimer【Covered by Hanon】zankyosanka,1628401,1630839,2438,2021/12/30,Hanon
PctDNDiawnw,糸／中島みゆき【Covered by Hanon】,671111,673513,2402,2020/09/26,Hanon
a-bBphBRSFw,ミックスナッツ／Official髭男dism【Covered by Hanon】『SPY×FAMILY OP主題歌』Mixed Nuts,1462474,1464868,2394,2022/05/10,Hanon
bDzAAI-KDc0,映画「時をかける少女」変わらないもの／奥華子【Covered by Hanon】,650183,652571,2388,2021/07/30,Hanon
D5f_AQsl3c8,セブンティーン / YOASOBI【covered by Kotoha】,567704,570088,2384,2023/07/28,Kotoha
D1tE6HjBsPI,魔法の絨毯／川崎鷹也【Covered by Hanon】,794727,797111,2384,2020/11/11,Hanon
zQUm-EQniPc,可愛い理由／ハコニワリリィver. 【HoneyWorks】,97239,99620,2381,2025/08/08,MARUMOCHI from HoneyWorks
YEt1goX4Cpo,初恋日記 / 香椎モイミ【Covered by Kotoha】,650345,652722,2377,2022/10/10,Kotoha
iexkryXR0Qk,ハレンチ／ちゃんみな【Covered by Hanon】,295648,298010,2362,2022/08/13,Hanon
56sNnjlKke0,アンコール / YOASOBI【Covered by Kotoha】,860963,863320,2357,2021/04/05,Kotoha
hm8CdS6m0Ro,優しい彗星 / YOASOBI【Covered by Kotoha】,633753,636084,2331,2021/03/27,Kotoha
PbfH6sANvc0,夏祭り / Whiteberry【covered by Hanon× Kotoha】,338522,340841,2319,2024/07/28,Kotoha
TRhI2WxNri4,晴る／ヨルシカ【Covered by Hanon】,619145,621460,2315,2024/02/17,Hanon
9TxL2y1tZDs,secret base~君がくれたもの~ / ZONE【Covered by Kotoha】,788447,790751,2304,2021/08/31,Kotoha
nbV1J1fuSzI,君の一番になりたいの！ -Acoustic Live ver.-／ ハコニワリリィ,50284,52547,2263,2025/09/19,MARUMOCHI from HoneyWorks
Q4aUJMSeVqY,ずうっといっしょ！／キタニタツヤ【Covered by Hanon】,156884,159143,2259,2024/10/31,Hanon
e3Kk6wDq_gw,セプテンバーさん / RADWIMPS【Covered by Hanon×Kotoha】,1350303,1352561,2258,2020/09/16,Kotoha
DbNwGNSsTZ8,T氏の話を信じるな／ピノキオピー【Covered by Hanon × Kotoha】,45337,47577,2240,2025/09/28,Hanon
l4sZ67KjAdE,風になる / つじあやの【Covered by Kotoha】,871725,873947,2222,2020/09/20,Kotoha
ZtQPRzTqzq8,青と夏／Mrs. GREEN APPLE【Covered by Hanon】,1723013,1725215,2202,2019/08/26,Hanon
7NYgCS2cIdI,ブラック★ロックシューター／ryo（supercell）【Covered by Hanon】,520375,522569,2194,2022/09/19,Hanon
eN0_me2cCSI,アイドル / YOASOBI【Covered by Kotoha】,1276822,1279001,2179,2023/04/28,Kotoha
WStNZiVLZkc,ANIMA / ReoNa【Covered by Kotoha】,1190916,1193080,2164,2020/11/09,Kotoha
ShEat9Vmsio,恋愛偏差値上昇中！ ／P丸様。【Covered by Kotoha】,540710,542864,2154,2022/10/18,Kotoha
EH9XDJMLAlE,マサキじゃないけど好き／ハコニワリリィ【Music Video】,687019,689171,2152,2023/04/08,MARUMOCHI from HoneyWorks
_p1gr0d3yU0,タイムマシン / 優里【Covered by Kotoha】,615182,617284,2102,2022/08/15,Kotoha
IzSpvRx-A1k,ともに / WANIMA  【Covered by Hanon×Kotoha】,1090241,1092342,2101,2020/08/30,Kotoha
6x7eTm4lue4,PLAYERS／YOASOBI【Covered by Hanon × Kotoha】,137826,139925,2099,2025/05/12,Hanon
dfDP_AnaEbA,ムカつく-another story- feat. Hanon／HoneyWorks,34026,36102,2076,2025/11/23,Hanon
KEyuBx9a-ac,恋の矢印／可憐なアイボリー【ハコニワリリィver.】,139067,141135,2068,2025/02/14,MARUMOCHI from HoneyWorks
hwJhLT7uMEo,さよならメモリーズ / supercell 【Covered by Hanon×Kotoha】,779145,781209,2064,2021/03/31,Kotoha
KXsUzJWDf0U,Journey under stars ／Hanon -スターセイヴァーOST-,35050,37111,2061,2025/10/21,Hanon
1Mm2cUFs7RI,僕らのファイトソング／こはならむ【ハコニワリリィ cover】,116040,118088,2048,2025/04/25,MARUMOCHI from HoneyWorks
rk8_4lRmBGs,きゅうくらりん / いよわ【covered by Kotoha】,366001,368013,2012,2023/11/18,Kotoha
vt8ZzL22i-I,勿忘／Awesome City Club【Hanon × Tani Yuuki】,109359,111362,2003,2025/07/26,Hanon
zY-k1iUKDL8,推しの魔法／Hanon×Kotoha ver.【HoneyWorks】,279551,281551,2000,2024/05/04,MARUMOCHI from HoneyWorks
iJmQyNBcMIs,Oz. / yama【Covered by Kotoha】,659139,661138,1999,2021/11/10,Kotoha
ZhLD-aKF7qw,ドライフラワー／優里【Covered by Hanon】,1462864,1464863,1999,2021/02/07,Hanon
uzCVDvQ1_1E,デーモンロード / Kanaria【Covered by Kotoha】,388950,390939,1989,2023/08/01,Kotoha
7cGrVsCxsNE,妄想アスパルテーム / picco【Covered by Kotoha】,400078,402066,1988,2023/03/16,Kotoha
LWDW36gtAlA,怪獣／サカナクション【Covered by Hanon】,136588,138553,1965,2025/04/20,Hanon
TZC02UdbStM,群青 / YOASOBI【Covered by Kotoha】,646210,648168,1958,2022/03/29,Kotoha
QVgy7E9Vuuw,絶対称賛！／Kotoha solo ver.(アニメ『笑顔のたえない職場です。』OPテーマ)【Music Video】,33304,35248,1944,2025/10/24,Kotoha
e5AaaKK5yVc,BOW AND ARROW／米津玄師【Covered by Hanon】,123668,125593,1925,2025/04/11,Hanon
9G0b3MMSe58,Cry Baby／Official髭男dism【Covered by Hanon】,501436,503355,1919,2021/12/06,Hanon
u_YlTt6Rddg,さよーならまたいつか！／米津玄師【Covered by Hanon】,261826,263727,1901,2024/06/19,Hanon
GnP1KGebpi4,you are my curse / nyamura【covered by Kotoha】,224927,226821,1894,2024/02/07,Kotoha
8wasgk0MSQ8,『ビビっとラブ 』歌ってみた　【Hanon × Kotoha】,562813,564688,1875,2022/08/01,Hanon
WjKuCbwy180,なんでもないや／RADWIMPS【Covered by Hanon】,404509,406375,1866,2022/08/23,Hanon
mMWtxLpHgKU,靴の花火 / ヨルシカ【Covered by Kotoha】,264296,266132,1836,2021/04/03,Kotoha
8dBIipOuGX0,Blue Jeans／HANA【Covered by Hanon】,39740,41554,1814,2025/10/12,Hanon
DSL4ktjoF_U,#超絶かわいい／HoneyWorks【Covered by Hanon】,124877,126674,1797,2023/04/14,Hanon
H6VQqOoDeDE,トンデモワンダーズ / sasakure.UK【Covered by Kotoha】,747019,748807,1788,2021/10/24,Kotoha
yxTcZdHNJtE,神のまにまに／れるりり【まるもち部×HoneyWorks BAND】,512064,513828,1764,2021/08/15,めぐちゃんねる
e6QQKKP_R_I,にんころダンス / Kotoha solo ver. (アニメ『忍者と殺し屋のふたりぐらし』EDテーマ)【Music Video】,173017,174748,1731,2025/04/23,Kotoha
YjFLptsyV0k,familie／Mrs. GREEN APPLE【Covered by Hanon】,237640,239348,1708,2024/10/13,Hanon
gULXfNvUqyo,絶対称賛！／Hanon solo ver.(アニメ『笑顔のたえない職場です。』OPテーマ)【Music Video】,41490,43178,1688,2025/10/24,Hanon
sB-gNKu8lLw,ハンコウ予告／可憐なアイボリー【Hanon×Kotoha】,620413,622077,1664,2022/01/12,Hanon
0_vfdJ_M298,【まるもち部】カレンダーガール/covered by Hanon×めぐ×Kotoha【アイカツ！】,75325,76980,1655,2025/05/27,めぐちゃんねる
pWUPlkPahsQ,推し★ごと／HoneyWorks feat.かぴ【Covered by Kotoha】,262936,264556,1620,2021/09/26,Kotoha
LHtNEN-b6BU,世界中の誰よりきっと／中山美穂＆WANDS【Hanon×Kotoha】,573262,574872,1610,2021/09/05,Hanon
ghmgVhNXBcQ,secret base ～君がくれたもの～／ZONE【Covered by Hanon×Kotoha】,254650,256253,1603,2024/08/05,Hanon
guKsDd3omfY,なんでもないよ、／マカロニえんぴつ【Covered by Hanon】,1184761,1186357,1596,2021/11/22,Hanon
QcYghwEMUgc,お返事まだカナ💦❓おじさん構文😁❗️/ Hanon ver.【歌ってみた】,89634,91223,1589,2025/08/10,Hanon
JSTGy97QuNE,ビビデバ / 星街すいせい【covered by Kotoha】,433660,435245,1585,2024/04/17,Kotoha
0lKdYjDxV08,マシュマロ／DECO*27 【Covered by Hanon】,48159,49725,1566,2025/10/16,Hanon
sWUc_y1E5W0,シンデレラボーイ／Saucy Dog【Covered by Hanon】,1093867,1095425,1558,2021/11/14,Hanon
riXwxoonVJs,CH4NGE / Giga【cover】,740398,741952,1554,2022/03/12,Kotoha
OTRcHcyolUM,うらたねこ♀ / うらたぬき×HoneyWorks【Covered by Kotoha】,680328,681864,1536,2022/05/07,Kotoha
km4BXiGUTe0,ひと夏のエラー ／Hanon×Kotoha【Music Video】,260854,262389,1535,2023/09/02,MARUMOCHI from HoneyWorks
t_zZkWCp4XA,黄色／back number【Covered by Hanon】,608992,610527,1535,2021/10/05,Hanon
_8bEKNRGmsg,僕が死のうと思ったのは / 中島美嘉【Covered by Kotoha】,505261,506777,1516,2022/07/13,Kotoha
Qx7vSVGw11Y,男の子の目的は何？ / HoneyWorks【Covered by Kotoha】,496353,497865,1512,2023/04/13,Kotoha
J68dPdZ9__k,しょーがいゼッタイそーあい宣言♥ / エスプリ【covered by Kotoha】,197326,198831,1505,2024/09/23,Kotoha
807atqeFsVA,全部君のせいだ / イチョウ【Covered by Kotoha】,530506,532011,1505,2022/04/12,Kotoha
5aH1F29D4eU,ごめんなんか聞きたくなかった／こはならむ×HoneyWorks【Covered by Hanon】,368994,370490,1496,2021/05/21,Hanon
J_Fp3BIEpWM,【ワタシノテンシ -another story- 】ワタシノミカタ／HoneyWorks feat. Hanon,2178554,2180050,1496,2020/08/23,Hanon
uEzAWtF8F-Y,Pretender／Official髭男dism【Covered by Hanon】,395356,396850,1494,2020/02/22,Hanon
7reK3lPrj7M,彼女は今、迷宮の中。／HoneyWorks feat.ハコニワリリィ,78807,80300,1493,2025/05/07,MARUMOCHI from HoneyWorks
1R_PRloutY8,キャットラビング / 香椎モイミ【Covered by Kotoha】,591852,593337,1485,2022/04/03,Kotoha
0o3jSCLrunI,お呪い / なきそ【Covered by Kotoha】,508396,509853,1457,2023/02/17,Kotoha
O63NBhH7Ce4,10月無口な君を忘れる / あたらよ【Covered by Kotoha】,632142,633592,1450,2021/04/23,Kotoha
gtMhHNQqxfk,【ひぐらしのなく頃に】you／癒月【Covered by Hanon】,498323,499753,1430,2021/02/28,Hanon
aa9FwwJYfoI,おまじない / 和ぬか【covered by Kotoha】,189567,190996,1429,2024/04/15,Kotoha
LioiUVqnkNI,不屈のアイドル(feat.Kotoha) / HoneyWorks,226673,228101,1428,2024/08/19,Kotoha
_3HFDAKBgxM,君の彼女 / TOKOTOKO(西沢さんP)【covered by Kotoha】,208921,210345,1424,2024/11/28,Kotoha
ALaKfqIhdyE,ホワイトノイズ／Official髭男dism【Covered by Hanon】,416035,417456,1421,2023/02/01,Hanon
tdpVe4_YFng,寄り酔い / 和ぬか【Covered by Kotoha】,825432,826849,1417,2021/03/29,Kotoha
fBqv0OM3vzU,打上花火／DAOKO×米津玄師【Covered by Hanon×Kotoha】,480701,482104,1403,2020/08/12,Hanon
HT13fpXGBbk,秘密のバレンタイン／Hanon×Kotoha【Music Video】,369437,370839,1402,2023/02/12,MARUMOCHI from HoneyWorks
2KzsZ3wvXsI,silent／SEKAI NO OWARI【Covered by Hanon】,117612,119003,1391,2024/12/25,Hanon
fb7IVE8TNwQ,化けの花 / なきそ【covered by Kotoha】,199943,201330,1387,2024/12/06,Kotoha
FAinvqXUVsU,ねっこ／King Gnu【Covered by Hanon】,109025,110411,1386,2025/01/26,Hanon
qHyZz234iAo,キスしちゃだめっ！／めいちゃん【Covered by Hanon×Kotoha】,270481,271858,1377,2023/09/30,MARUMOCHI from HoneyWorks
P6CqAMUUdLc,怪盗／back number【Covered by Hanon】,520604,521971,1367,2021/07/09,Hanon
vA2HokoKvNM,プレイ／Giga【Covered by Hanon】,46500,47865,1365,2025/09/03,Hanon
bc5QqynxlAc,【劇場版「鬼滅の刃」主題歌】炎／LiSA【Covered by Hanon】,1505663,1507020,1357,2020/10/19,Hanon
jX_DgxmAMZM,夜に駆ける／YOASOBI【Covered by Kotoha】,593400,594755,1355,2021/08/22,Kotoha
ZuPSx3EiEwQ,ナイショの話／ClariS【Hanon×Kotoha】,349717,351070,1353,2023/05/07,MARUMOCHI from HoneyWorks
UxnPjKUdHZE,カメレオン／King Gnu【Covered by Hanon】,461977,463324,1347,2022/03/28,Hanon
6YDychOOPLM,"なんもない feat. 星街すいせい, sakuma. / MAISONdes【covered by Kotoha】",277072,278417,1345,2024/06/26,Kotoha
M0mp8KQN-88,デビルじゃないもん / DECO*27 x ピノキオピー【Hanon×Kotoha】,694847,696191,1344,2023/02/05,Kotoha
Yq_q7tocvok,おまえも♡／mona【covered by Kotoha】,122659,123997,1338,2024/08/30,Kotoha
vHZcaNiymXI,もう少しだけ / YOASOBI【Covered by Kotoha】,402949,404281,1332,2021/07/08,Kotoha
Uq2dpsZMA6Q,怪物／YOASOBI【Covered by Hanon】,1082786,1084108,1322,2021/03/16,Hanon
0dZWfdmawaY,今、恋がはじまれ。 -another story-／HoneyWorks（Hanon ver.）,47863,49180,1317,2025/10/07,Hanon
3lHmsxQydk0,オトノケ (Otonoke)／Creepy Nuts【Covered by Hanon】TVアニメ「ダンダダン」OP,268072,269380,1308,2024/11/30,Hanon
fN8EVe43DdA,セブンティーン／YOASOBI【Covered by Hanon】,358982,360289,1307,2023/06/28,Hanon
jEGfsCqTAiE,すきっちゅーの！ / HoneyWorks【covered by Kotoha】,320746,322049,1303,2023/09/28,Kotoha
MyLTz49CQT4,魔法のない世界で生きるということ／ユルーカ研究所【Covered by Hanon】,303827,305114,1287,2022/08/12,Hanon
a9xUhBc2Sco,映画「猫の恩返し」風になる／つじあやの【Covered by Hanon】,469169,470456,1287,2021/08/20,Hanon
oYVdhjmgfNc,質問、恋って何でしょうか？／Hanon solo ver. (アニメ『男女の友情は成立する？（いや、しないっ!!）』OPテーマ),179285,180563,1278,2025/04/12,Hanon
v6T42bCfa-I,点描の唄／Mrs. GREEN APPLE feat. 井上苑子【Hanon & Kevin】,587199,588477,1278,2021/12/20,Hanon
bIFuGaUEAtU,告白してもいいですか -another story-／HoneyWorks feat. Hanon【#パラスク】第0話,3056929,3058207,1278,2019/02/26,HoneyWorks OFFICIAL
snFzxdWiO_k,ハッピークリスマスパーティ／Hanon×Kotoha【Music Video】,165164,166438,1274,2022/12/21,MARUMOCHI from HoneyWorks
wG2LNFrNjG0,アイドル／YOASOBI【Covered by Hanon】,889289,890562,1273,2023/04/28,Hanon
-vRGKSg6Op0,リア充★撲滅運動／紫咲シオン covered by Kotoha 【#ホロハニ】,262711,263982,1271,2024/01/21,Kotoha
3pzekERQPAQ,同担☆拒否 / HoneyWorks【covered by Kotoha】,263977,265239,1262,2024/02/24,Kotoha
nBL4ZgeSlh8,好き好き好きが好きなだけ -有頂天！EX Ver-/ Kotoha(ゲーム版『ホーリーアンデッド～非モテでぼっちの死霊術士が、聖女に転生してお友達を増やします～』挿入歌),14580,15836,1256,2025/11/26,Kotoha
nsl8bKejG7I,可愛くてごめん／HoneyWorks 歌ってみた【Hanon ver.】,468087,469329,1242,2022/12/01,Hanon
VaG4At9-N-A,陽キャJKに憧れる陰キャJKの歌 / Kotoha Ver.,571452,572684,1232,2022/01/24,Kotoha
nDrRXoty360,#超絶かわいい / HoneyWorks【Covered by Kotoha】,338904,340127,1223,2023/04/05,Kotoha
59Rh28s-xe0,推し変なんて許さない！／可憐なアイボリー【Hanon×Kotoha】,516552,517770,1218,2022/05/22,Kotoha
uJai7weQbYw,初めての恋が終わる時／ryo (supercell)【Covered by Hanon】,429404,430617,1213,2021/12/12,Hanon
4PMbcE6BKsw,シル・ヴ・プレジデント【ナナホシ管弦楽団】／P丸様。【Covered by Kotoha】,602399,603583,1184,2021/06/07,Kotoha
EIYzrpxFMNU,唱 (Show)／Ado【Covered by Hanon】,308708,309880,1172,2023/10/31,Hanon
UaMm7O_dANA,Dec.／Kanaria【Covered by Hanon】,184871,186034,1163,2024/05/10,Hanon
7It0PZe6pgA,勇者／YOASOBI【Covered by Hanon】,297148,298293,1145,2023/12/03,Hanon
C2p5JC5zZcY,カタオモイ／Aimer【Covered by Hanon】,712958,714094,1136,2020/03/27,Hanon
foX-SzbIgZI,死ぬまでダーリン / HoneyWorks【covered by Kotoha】,143507,144639,1132,2024/09/29,Kotoha
2b8x32brx80,【オリジナルMV】スイートマジック / Junky【covered by Kotoha×座敷わらび】,182598,183727,1129,2024/05/22,Kotoha
hGqCNzQ-DqQ,【MV】恋文／HoneyWorks feat. Hanon×Kotoha【オリジナル】,1893592,1894715,1123,2020/04/11,Hanon
QnVLFQxdMuM,そっけない / RADWIMPS【Covered by Kotoha】,573328,574444,1116,2021/05/27,Kotoha
c2AmLIceIM8,うちら、恋人宣言！ / HoneyWorks (Kotoha Ver.),334400,335506,1106,2023/02/04,Kotoha
tofEaDMgJus,虹／二宮和也（嵐）【Covered by Hanon】,319042,320146,1104,2021/09/28,Hanon
rkWgTQRVxaQ,たばこ / コレサワ【Covered by Kotoha】,715480,716584,1104,2021/02/11,Kotoha
G18EOtk_XLY,三原色／YOASOBI【Covered by Hanon】,722748,723830,1082,2021/04/20,Hanon
6PsaiXfiqRw,コガネゾラ -Acoustic Live ver.- ／ハコニワリリィ,36299,37375,1076,2025/09/06,MARUMOCHI from HoneyWorks
9lS6Ih22EGE,最強☆ソング／Hanon×Kotoha ver.,260297,261366,1069,2023/04/30,MARUMOCHI from HoneyWorks
rVg0hxwRLgI,君と夏フェス / SHISHAMO【Covered by Kotoha】,535419,536486,1067,2021/07/29,Kotoha
N2714obad0o,クリスマスイブ／優里【Covered by Hanon】,193076,194137,1061,2022/12/24,Hanon
w-KFC3wJ_xE,はいよろこんで／こっちのけんと【Covered by Hanon】,213109,214169,1060,2024/10/01,Hanon
XJZp9FKZ9uo,irony／ClariS【Hanon×Kotoha】,247364,248421,1057,2023/05/06,MARUMOCHI from HoneyWorks
hI5Uucf6vyE,MIRROR MIRROR / 平井 大【Covered by Kotoha】,345667,346715,1048,2021/10/29,Kotoha
Y715Q-zYncg,だから僕は音楽を辞めた /ヨルシカ【Covered by HoneyWorks feat.Hanon】,3251645,3252684,1039,2019/05/29,HoneyWorks OFFICIAL
-tpIr3Mr1nI,ソワレ／星街すいせい【Covered by Hanon】,395970,396996,1026,2024/02/04,Hanon
8dTmQxlCDWQ,シス×ラブ / HoneyWorks【Covered by Hanon＆Kotoha】,447957,448973,1016,2020/10/17,Kotoha
kmH0EPyPgkw,【MV】ラブガンナー／Hanon×Kotoha feat.MARUMOCHI BOYS【オリジナル】,525088,526095,1007,2021/08/01,MARUMOCHI from HoneyWorks
CXf62g4786Q,ウタカタララバイ／Ado（ウタ from ONE PIECE FILM RED） 【Covered by Hanon】,680379,681367,988,2022/10/11,Hanon
i6rxG_guGGU,常緑 / 大橋ちっぽけ【Covered by Kotoha】,714923,715909,986,2021/11/26,Kotoha
S8YWAMdupDA,Beat Eater /  Police Piccadilly 【Covered by Kotoha】,446656,447617,961,2021/07/24,Kotoha
35dW4s8wRjg,好きが溢れていたの / もさを。【Covered by Kotoha】,453899,454860,961,2020/10/12,Kotoha
3KQCiySH-NM,ロキ / みきとP【Covered by Hanon&Kotoha】,810943,811898,955,2020/06/27,Kotoha
hvweEeDfwqE,エクストリームエモご飯 / ANCHOR【Covered by Kotoha】,139892,140841,949,2024/12/30,Kotoha
adNUyNRvmuU,Sincerely／TRUE【Covered by Hanon】ヴァイオレット・エヴァーガーデン』OP主題歌,337814,338742,928,2022/04/25,Hanon
9wlcXCbk2ko,愛にできることはまだあるかい／RADWIMPS【Covered by Hanon】,451614,452538,924,2019/09/18,Hanon
baVW5K-v_zM,春泥棒／ヨルシカ【Covered by Hanon】,693308,694212,904,2021/01/21,Hanon
8VpKAcpmcfA,ド屑 / なきそ【Covered by Kotoha】,907604,908489,885,2022/03/20,Kotoha
WVEw2HkF9DQ,金木犀／くじら【Covered by Hanon】,204025,204907,882,2022/04/30,Hanon
mFTM5kM5OWA,Confetti(feat.TOKOTOKO(西沢さんP)／Kotoha【Music Video】,118134,119014,880,2024/09/07,MARUMOCHI from HoneyWorks
5LIXRnWqLH4,キワメテカワイイ／七海うらら(cover)【Hanon×Kotoha】,143137,144009,872,2024/02/29,Hanon
zMABBAfaa5s,嫌いにさせて／Kotoha【Music Video】,199550,200401,851,2024/05/12,MARUMOCHI from HoneyWorks
KKgl21biKuw,左右盲 / ヨルシカ【Covered by Kotoha】,357901,358732,831,2022/08/11,Kotoha
I0IsG9qBJko,紅蓮華／LiSA【Covered by Hanon】,496651,497478,827,2020/12/14,Hanon
VloQgQfTM_A,リベリオン / Ado【Hanon×Kotoha】,382756,383581,825,2023/01/16,Kotoha
uQqzUaH2714,ゴースト警告を唄う / Empty old City 【Covered by Kotoha】,95100,95924,824,2024/12/25,Kotoha
a8JkRa7WUh0,Beyond the way / Giga【Hanon＆Kotoha＆konoco＆Gom】,375488,376299,811,2024/01/28,Hanon
xjcDlUVMEJo,東京サニーパーティー ♡ 星川サラ×Hanon×Kotoha【歌ってみた】,395999,396789,790,2023/04/23,星川サラ / Sara Hoshikawa
BZxEA9qQvCc,出来心(feat.ポリスピカデリー/Police Piccadilly)／Kotoha【Music Video】,147282,148058,776,2024/07/13,MARUMOCHI from HoneyWorks
_TdiphdUzmI,泡沫の夢／ハコニワリリィ【Music Video】,113432,114208,776,2023/07/07,MARUMOCHI from HoneyWorks
9spcpe0QYOU,Myra／Tani Yuuki【Covered by Hanon】,1169190,1169964,774,2020/07/16,Hanon
dOTiJ5aAc-M,【バンドでカバーしてみた】グッバイ宣言／Chinozo 【Hanon × Kotoha】,634369,635142,773,2021/05/05,Hanon
tBEfRiFpXhw,僕らのRTA／Hanon×Kotoha×めぐ【まるもち部】,197825,198591,766,2023/02/18,MARUMOCHI from HoneyWorks
_NSls50jsuY,III／宝鐘マリン＆こぼ・かなえる【covered by Hanon×ヴァヴ】,180930,181687,757,2024/09/06,Hanon
1qyXh0c5RPc,この世界の楽しみ方／LIP×LIP【Hanon×Kotoha ver.】,247367,248115,748,2023/02/10,Hanon
-BGbcDaUQLY,桜が降る夜は／あいみょん【Covered by Hanon】,283006,283751,745,2021/04/09,Hanon
n78uGNaXLJ4,愛に出会い恋は続く-Acoustic Live ver- feat. Hanon×Kotoha,1044092,1044836,744,2020/08/29,HoneyWorks OFFICIAL
5KSEFj5hOqw,【オリジナルMV】愛包ダンスホール / 幽世55番街【covered by Kotoha×碧海ヒカル】,228409,229141,732,2024/06/06,Kotoha
pohLsD0qipE,Promise／Da-iCE【Covered by Hanon】,308900,309630,730,2022/07/14,Hanon
QbZL8LbKolQ,ヨワネハキ / 和ぬか・asmi - MAISONdes【Covered by Kotoha】,669368,670092,724,2021/08/09,Kotoha
9fiWF0yuG_Y,ありのまんまが愛しい君へ / DISH//【Covered by Kotoha】,263124,263843,719,2021/10/07,Kotoha
DSxhPn49FsA,フリソデ / Chinozo【covered by Kotoha】,169729,170446,717,2024/04/07,Kotoha
NJWdK_AIOAs,【イメージソング・詩】始まりの羇旅歌 Full ver.（Song by Hanon）【開放空間：Over Field】,48231,48942,711,2024/11/15,開放空間:Over Field【公式】
8fP7LPrysFI,強風オールバック / Yukopi【Covered by Kotoha】,798326,799035,709,2023/05/15,Kotoha
QvFe1gsTZjQ,おとせサンダー / ぼっちぼろまる【Hanon×Kotoha】,285195,285903,708,2022/08/17,Kotoha
43lD0KoJB1c,元彼女のみなさまへ ‐acoustic arrange ver.‐／コレサワ【Covered by Hanon】,113788,114494,706,2024/12/22,Hanon
8yCN6ccYxfo,ごめんなんか聞きたくなかった / こはならむ×HoneyWorks【Covered by Kotoha】,352045,352750,705,2021/05/21,Kotoha
pgPLqbcYBhg,Kawaii Kaiwai／PiKi【Hanon×ぱぺっとがうちゃん】,22788,23486,698,2025/11/18,Hanon
nAir4T-sh24,お注射しちゃいます /  Kotoha ver.,267321,268019,698,2021/10/09,Kotoha
ZoK213vrbgE,ファンサ／Hanon(cover),2331008,2331703,695,2019/06/26,HoneyWorks OFFICIAL
A_EnCRee0Vc,ヒロイン育成計画 / HoneyWorks【Covered by Kotoha】,268909,269600,691,2020/10/11,Kotoha
vOA9IdnJGYY,｢マッシュル-MASHLE-｣Bling-Bang-Bang-Born／Creepy Nuts【Covered by Hanon】,222150,222834,684,2024/04/15,Hanon
N1v9De-clAo,【MV】ハロウィンナイトパーティ／HoneyWorks feat. Hanon×Kotoha【オリジナル】,263446,264128,682,2021/06/04,MARUMOCHI from HoneyWorks
zsOr8Mk_LIU,Loveit? / biz×ZERA【covered by Kotoha】,173251,173929,678,2024/01/17,Kotoha
dX3xYExGeQ0,【HoneyWorks】VIP【くろくも/この子/TM/Hanon】,1455601,1456265,664,2019/07/19,HoneyWorks OFFICIAL
uvg2X6-1QtE,春擬き／やなぎなぎ【Covered by Hanon】,333762,334425,663,2021/03/30,Hanon
OcckI5Bgvog,ハサミガール / ハコニワリリィ（Kotoha）【Music Video】,174058,174719,661,2023/06/16,MARUMOCHI from HoneyWorks
w41z2znVTmQ,おまえも♡／mona【Covered by Hanon】,59074,59725,651,2024/09/01,Hanon
A_2ro51U0fs,ナハトムジーク／Mrs. GREEN APPLE【Covered by Hanon】,197189,197839,650,2024/02/20,Hanon
x3DwVgxEnuI,"全力スタートライン／Hanon, Kotoha, 勿忘みゆ, 桔梗姫乃, 碧海ヒカル【Music Video】",485508,486150,642,2024/11/15,MARUMOCHI from HoneyWorks
R0j3AslF7ac,東京サマーセッション-Acoustic Live ver- feat. Hanon×Kotoha,967209,967847,638,2020/08/28,HoneyWorks OFFICIAL
A7KgiPfb1q4,かわいい私の片想い／音莉飴【Hanon×Kotoha ver.】,123926,124561,635,2023/05/19,MARUMOCHI from HoneyWorks
ayvF7i3OHoM,新時代／Ado（ウタ from ONE PIECE FILM RED）【Covered by Hanon】,382949,383582,633,2022/11/01,Hanon
LRJhe6uf5A0,ラブホイッスル -Acoustic Arrange-【Covered by Hanon】,996397,997028,631,2019/10/06,Hanon
0y5V82DY70I,教室に青／星街すいせい covered by Hanon【#ホロハニ】,74807,75435,628,2024/03/01,Hanon
bIZqHpHANjo,愛に出会い恋は続く／HoneyWorks feat.Hanon,110495,111119,624,2024/12/13,Hanon
pYAqIPT9_O0,Overdose／なとり【Covered by Hanon】,85917,86536,619,2024/11/27,Hanon
cNamgKIy2Xg,最悪な日でもあなたが好き。／HoneyWorks feat. Hanon×Kotoha,452431,453050,619,2020/05/05,Hanon
FOTN1vKUqus,ハコニワリリィ『コガネゾラ』 (アニメ「SDガンダムワールド ヒーローズ」EDテーマ) 【Music Video】,329882,330480,598,2021/08/16,MARUMOCHI from HoneyWorks
-DnF2_ha-14,男の子の目的は何？／HoneyWorks【Covered by Hanon】,139425,140021,596,2023/03/24,Hanon
ykNtxK8Th5s,大正浪漫 ／YOASOBI【Covered by Hanon】,513330,513922,592,2021/09/16,Hanon
aNEr8_NSR08,【Happy Valentine's Day♡】チョコレイト・ディスコ／Perfume【Covered by Hanon×Kotoha】,307339,307931,592,2021/02/14,Hanon
6p_Wc82yM3w,ビビデバ／星街すいせい【Covered by Hanon】,294940,295526,586,2024/04/07,Hanon
j7eASOVNt74,QUEEN／Kanaria 歌ってみた【Hanon】,219123,219699,576,2022/08/16,Hanon
kt2-3wB68mQ,赤い糸／天月-あまつき-【Covered by Hanon】,154753,155328,575,2021/09/12,Hanon
NO-CQAlw3zg,木曜日のスキャンダル(feat. Hanon)／HoneyWorks,191658,192227,569,2023/03/03,Hanon
UBijT9wLuO0,【MV】サマー様／HoneyWorks feat. Hanon×Kotoha【オリジナル】,384161,384723,562,2021/05/29,MARUMOCHI from HoneyWorks
amJqPRAClRM,Last Christmas (Remix)／音莉飴×ハコニワリリィ,91785,92336,551,2022/12/23,〚 音莉飴 〛official
Hf1fvrRXK_U,陽キャJKに憧れる陰キャJKの歌／Hanon ver.,885440,885989,549,2022/01/23,Hanon
qqzStAotY14,空の青さを知る人よ／あいみょん【Covered by Hanon】,406103,406649,546,2019/11/09,Hanon
dfyprv_wqww,きらり／藤井風【Covered by Hanon】,358032,358575,543,2021/10/28,Hanon
ClUlr7In8DU,カムパネルラ／米津玄師【Covered by Hanon】,227550,228089,539,2020/11/27,Hanon
XJHMVtOoAt4,私が恋を知る日(cover)／Hanon,1213225,1213762,537,2018/12/22,HoneyWorks OFFICIAL
bqS7jXdmLfI,相思相愛／aiko【Covered by Hanon】,168961,169492,531,2024/05/07,Hanon
By7HSOf3tPk,ぎじれんあい／Hanon×Kotoha ver.,141742,142269,527,2023/06/08,MARUMOCHI from HoneyWorks
rqHdVxoWXkI,【MV】Wave／Hanon×Kotoha feat.DECO*27【オリジナル】,387064,387588,524,2021/06/06,MARUMOCHI from HoneyWorks
wyYEV0mkq10,うらたねこ♂／うらたぬき×HoneyWorks【Hanon】,150096,150611,515,2022/05/14,Hanon
U9WKtUBSubk,藍二乗／ヨルシカ【Covered by Hanon】,339844,340359,515,2020/05/26,Hanon
cPmN8yxpJPY,最強の推し！／鈴木愛理【Covered by Hanon】,153260,153773,513,2024/01/23,Hanon
xKhrCYvV0fw,"『鬼滅の刃-無限列車編-OP』明け星／LiSA【Covered by Hanon】（Akeboshi, Demon Slayer）",600244,600752,508,2021/11/02,Hanon
8Lo7G1XHWck,夏、透明な青に惹かれて。／ハコニワリリィ【Music Video】,129863,130363,500,2022/09/22,MARUMOCHI from HoneyWorks
DfnpeeKAxcA,まわり／Hanon×Kotoha【Music Video】,87540,88036,496,2024/06/08,MARUMOCHI from HoneyWorks
1amBZtg2SB0,弱者 / konoco【Covered by Kotoha】,116784,117279,495,2021/10/17,Kotoha
1VZK2gQ42ew,ワタシノテンシ / HoneyWorks【Covered by Kotoha】,287587,288077,490,2020/12/09,Kotoha
0ex9LzLCIQU,ヒロインたるもの！ / HoneyWorks【Covered by Kotoha】,214732,215220,488,2021/07/25,Kotoha
sDoofxMm8e4,愛包ダンスホール／HIMEHINA【Hanon×ヴァヴ】,102869,103351,482,2024/06/09,Hanon
iEYQdN7ioGY,勝たんしか症候群 / たかやん【Covered by Kotoha】,396851,397332,481,2021/12/04,Kotoha
BNf4IghgI28,"悪魔の子／ヒグチアイ【Covered by Hanon】『進撃の巨人 The Final Season ED』""Akuma no ko"" Attack on Titan",467298,467778,480,2022/03/22,Hanon
c3IeeS-bjhQ,小悪魔だってかまわない！ -Acoustic ver- feat. Hanon,753375,753852,477,2021/08/29,HoneyWorks OFFICIAL
mRbhNe7imX0,【Japanese Girl】Butter／BTS(방탄소년단)【Covered by Hanon】,717576,718052,476,2021/06/03,Hanon
s85agEdCoYc,ウィッシュ～この願い〜(From『ウィッシュ』)【Covered by Hanon】「This Wish Japanese ver.」,102298,102770,472,2023/12/25,Hanon
OiuH7wPWhWA,火曜日はチューデイ -another story- / HoneyWorks【Covered by Kotoha】,153362,153833,471,2023/04/25,Kotoha
NHQ3hLITsJc,春を告げる / yama【Covered by Kotoha】,311558,312020,462,2020/06/10,Kotoha
pvVJfMYk_TA,恋人たちのハッピーバースデー／HoneyWorks feat. Hanon×Kotoha,688323,688784,461,2020/05/08,Hanon
ejrKWVwcq-k,死ぬまでダーリン (feat. Hanon)／HoneyWorks,148335,148795,460,2024/07/26,Hanon
SM54fvZgPIQ,ビュティホ／Hanon ver.【HoneyWorks】,79026,79485,459,2024/08/10,Hanon
LAaqqTrqxPk,【MV】陽だまりデイズ／Hanon×Kotoha×めぐ【まるもち部】,121098,121551,453,2023/08/12,MARUMOCHI from HoneyWorks
29XRer_lLv8,月曜日の憂鬱／Hanon《cover》,511626,512079,453,2019/07/29,Hanon
8EKk2wo-TeU,CH4NGE／Giga【Covered by Hanon】,68046,68489,443,2024/10/26,Hanon
9thkhzEffIU,テレキャスタービーボーイ / すりぃ【Covered by Kotoha】,237815,238254,439,2020/05/13,Kotoha
EQVDfQ4zZvs,可愛くなりたい／Hanon《cover》,314188,314623,435,2020/05/07,Hanon
LQlpqCKUxwI,Sizuk/俊龍 - 夏を呼ぶ声［Music Video］,116967,117400,433,2023/05/03,Sizuk / 俊龍
iAzNtEGpx_k,毎日／米津玄師 (Mainichi - Kenshi Yonezu)【Covered by Hanon】,92318,92749,431,2024/07/27,Hanon
ciECZFLiZ9Y,"なんもない feat. 星街すいせい, sakuma. / MAISONdes【Covered by Hanon】",161094,161506,412,2024/06/24,Hanon
JPUz34p9mhM,ヒロイン育成計画／HoneyWorks【Covered by Hanon】,351838,352248,410,2021/04/03,Hanon
dyzT9gmap28,【MV】好きぴしか勝たん！／Hanon×Kotoha feat.MARUMOCHI【オリジナル】,325340,325745,405,2021/11/05,MARUMOCHI from HoneyWorks
goAt_4q_q7Y,Tokyo Wabi-Sabi Lullaby／Gawr Gura 【Covered by Hanon】#ホロハニ,94581,94985,404,2023/12/28,Hanon
Um0r4r_dJeE,10月無口な君を忘れる／あたらよ【Covered by Hanon】,336607,337006,399,2021/04/23,Hanon
4ECHYqn01aI,いつだって戦ってる / 可憐なアイボリー【Hanon×Kotoha】,306574,306969,395,2022/01/02,Kotoha
VR6kkEevU4E,Blessing / covered by AiceClass,114240,114626,386,2024/08/11,AiceClass (あいすくらす) - OFFICIAL
m6YG_hGUC1w,Make you happy／NiziU【Covered by Hanon&Kotoha】,409824,410207,383,2021/04/07,Hanon
1oEjz4X-q0E,シンシアリー / しまも【Covered by Kotoha】,179319,179696,377,2022/03/07,Kotoha
qX1xe1RzA94,人生は最高の暇つぶし / HoneyWorks【Covered by Kotoha】,189805,190170,365,2021/04/27,Kotoha
5Axq8DF3s60,【MV】大人禁猟区／HoneyWorks feat. Hanon×Kotoha【オリジナル】,223158,223518,360,2021/05/31,MARUMOCHI from HoneyWorks
d2NM7XrFzP0,すきっちゅーの！／HoneyWorks【Covered by Hanon】,103283,103642,359,2023/10/24,Hanon
qs-MNG1aRQA,Get out of my way!／Hanon×Kotoha【Music Video】,36486,36843,357,2024/12/20,MARUMOCHI from HoneyWorks
eH0viq89CvU,花咲娘(feat.案山子)／Kotoha【Music Video】,56670,57014,344,2024/08/12,MARUMOCHI from HoneyWorks
bynHGQv2Jz0,メイド☆至上主義(feat.Kotoha)／HoneyWorks,151560,151897,337,2023/11/04,Kotoha
aa1VEwxA54g,かわいこちぇっく！／戌神ころね covered by Kotoha【#ホロハニ】,113779,114115,336,2024/01/27,Kotoha
hYvxAlBimMM,【HoneyWorks BAND】丸の内サディスティック -Acoustic Live ver.-【Covered by Hanon】,327955,328289,334,2020/08/29,Hanon
a8EVRVcYZxM,可愛いねって言われちゃった(Kotoha Ver.)／HoneyWorks,183365,183689,324,2022/09/29,Kotoha
0XE4wRIoy4s,アルジャーノン／ヨルシカ【Covered by Hanon】,154283,154597,314,2023/03/13,Hanon
yeWMLiUrZW4,【オリジナルMV】シル・ヴ・プレジデント／P丸様。【Hanon×華京院ぱぴこ】,123691,124002,311,2024/05/29,Hanon
6j5MGm97rvE,恋文-Acoustic Live ver- feat. Hanon×Kotoha,405506,405817,311,2020/08/29,HoneyWorks OFFICIAL
eXiFlDTdgu0,にんころダンス／Hanon solo ver. (アニメ『忍者と殺し屋のふたりぐらし』EDテーマ)【Music Video】 #ハコニワリリィ,41925,42235,310,2025/04/23,Hanon
SmrPNzrBPHs,『お注射しちゃいます』ハコニワリリィ(Hanon)【Music Video】,229360,229668,308,2021/09/19,MARUMOCHI from HoneyWorks
mkmo9xlJb_o,『キラキラ』3Dライブ Hanon&Kotoha【AiceParade -3D debut-】,47795,48095,300,2024/12/07,AiceClass (あいすくらす) - OFFICIAL
GqX34RCRQfI,【原神】綺良々 - TAILS feat. Kotoha,158403,158701,298,2023/06/08,Project Mons
lfTZrytYDg0,虹とニラ／ハコニワリリィ(Kotoha)【Music Video】,101650,101946,296,2022/09/17,MARUMOCHI from HoneyWorks
2EiRV92eYn8,【MV】このままずっと眠っていたい／Hanon【オリジナル】,80823,81118,295,2024/06/01,Hanon
NSRaq6u4AwM,キラキラ／HoneyWorks feat.ハコニワリリィ【Hanon solo ver.】 (アニメ「結婚するって、本当ですか」OPテーマ),105936,106228,292,2024/11/01,Hanon
U2O9pX05M9E,浮気されたけどまだ好きって曲。 / りりあ。【Covered by Kotoha】,312614,312905,291,2020/07/17,Kotoha
DhnV1ADav1g,夏風に溶ける / りりあ。・南雲ゆうき - MAISONdes【Covered by Kotoha】,157616,157901,285,2021/09/20,Kotoha
GWTEoiuu83o,春を待つ／Islet feat.倚水【Covered by Hanon】,142172,142454,282,2023/05/24,Hanon
-TcBZiit5a8,Into The Night (「夜に駆ける」English Ver.)／YOASOBI【Covered by Hanon】,533528,533809,281,2021/07/11,Hanon
HrLz0tozdQI,婚約戦争〜Hanon×Kotoha×かぴ〜／HoneyWorks,250342,250613,271,2020/11/06,Kotoha
0x4fCEF8qIY,ワタシノテンシ／Hanon《cover》,683905,684176,271,2019/12/24,Hanon
-1SmP0jst1Y,キャラクター／緑黄色社会【Covered by Hanon】- Character/Ryokuoushoku Shakai -,228090,228356,266,2022/02/15,Hanon
WpenOQ15us0,signal(feat.yowanecity)／Kotoha【Music Video】,31019,31282,263,2024/07/27,MARUMOCHI from HoneyWorks
l1xUECl5MGs,ハコニワリリィ『きっと仲直り』【Music Video】,227792,228055,263,2021/09/04,MARUMOCHI from HoneyWorks
pHiKC2j98DE,【MV】じゃぱにーずTOKYOガール／HoneyWorks  feat. Hanon×Kotoha【オリジナル】,426979,427242,263,2020/02/28,Hanon
zaN2dUFYNnA,きらきらスイーツパーチー／ハコニワリリィ【Music Video】,61308,61565,257,2023/05/26,MARUMOCHI from HoneyWorks
RbsTVqkyeoU,Sunsetカンフー／TrySail【Covered by Hanon & Kotoha】,390917,391173,256,2019/10/28,Hanon
1Nq0FER0GdE,映画「リトル・マーメイド」Part of Your World／Jodi Benson【Covered by Hanon】,270567,270818,251,2020/09/11,Hanon
KWHJ6DkYvmo,どげざ / ハコニワリリィ（Kotoha）【Music Video】,128365,128611,246,2022/10/13,MARUMOCHI from HoneyWorks
ieL88Tq23SU,【MV】すたんどあっぷ！！！／HoneyWorks  feat. Hanon×Kotoha【オリジナル】,337203,337449,246,2020/03/14,Hanon
oDlZ3jBM_j8,心に穴が空いた / ヨルシカ【Covered by HoneyWorks feat.Hanon】,795943,796187,244,2019/07/10,HoneyWorks OFFICIAL
KHwstDLZZTQ,パプリカ／Foorin × 米津玄師【Covered by Hanon】,202252,202494,242,2019/09/21,Hanon
9LLBx3wgqow,17歳／mona【Covered by Hanon】,218196,218437,241,2021/08/24,Hanon
p_AqIFhBxeU,春ひさぎ／ヨルシカ【Covered by Hanon】,116254,116492,238,2021/04/06,Hanon
RuDfU0TnIpQ,うちら、恋人宣言！／HoneyWorks【Hanon ver.】,136294,136527,233,2023/02/04,Hanon
gtbbk-C35o0,ツバメ／YOASOBI with ミドリーズ【Covered by Hanon】,241142,241362,220,2021/11/18,Hanon
rWNauq0MPNY,Paradise／NiziU【Covered by Hanon】,117846,118064,218,2023/04/19,Hanon
blAQ1mhx6xs,君の視界に僕の声流れるまで／ハコニワリリィ（Hanon）【Music Video】,110363,110580,217,2022/08/06,MARUMOCHI from HoneyWorks
ZFeW7ubrXqI,恋元素爆発  / 音莉飴【Hanon×Kotoha ver.】,67078,67290,212,2023/11/25,MARUMOCHI from HoneyWorks
TppR6gqTCTc,【イメージソング・詩】始まりの羇旅歌（Song by Hanon）【開放空間：Over Field】,256633,256842,209,2024/10/03,開放空間:Over Field【公式】
VzGBRrgAZmA,告白ライバル宣言 -Acoustic Arrange-／Hanon《cover》,273888,274096,208,2019/07/24,Hanon
AdS4nwYqRiA,コンピューターシティ / Perfume【Covered by Kotoha】,143289,143496,207,2021/04/01,Kotoha
-vSu7x0i3Xs,寝起きヤシの木 / Yukopi【covered by Kotoha】,190708,190911,203,2023/08/10,Kotoha
9sECC21Ce98,Idol (「アイドル」English Ver. )／YOASOBI 【Covered by Hanon】,128134,128335,201,2023/07/29,Hanon
dypWZnGpUCM,制服のままで／ハコニワリリィ(Hanon)【Music Video】,105180,105373,193,2022/07/10,MARUMOCHI from HoneyWorks
wL798DH_y1I,恋愛ロジック(feat.桜餅ルナ)/Hanon×Kotoha【Music Video】,28845,29027,182,2024/08/24,MARUMOCHI from HoneyWorks
OPO2zRrnSZY,虹とニラ／Hanon ver.,61944,62120,176,2022/09/25,Hanon
lc46aVIyH5s,彷徨うカケラ／Hanon【Music Video】,63862,64035,173,2024/05/11,MARUMOCHI from HoneyWorks
croKZMGP4eM,恋愛成就 / HoneyWorks【Covered by Kotoha】,145489,145662,173,2020/10/21,Kotoha
xDjIit5KazQ,motto☆いちごオレ／mona【Covered by Hanon】,85835,86002,167,2024/04/05,Hanon
qBhvLKzVi4A,遊生夢死／Eve【Covered by Hanon】,130584,130751,167,2021/09/17,Hanon
_ti27cx7nUA,『マジェスティックラブ』ハコニワリリィ(Kotoha)【Music Video】,105826,105989,163,2021/09/18,MARUMOCHI from HoneyWorks
k3bxL2hVZPA,【MV】一緒なら／Hanon×Kotoha feat.水野あつ【オリジナル】,123056,123213,157,2021/06/11,MARUMOCHI from HoneyWorks
jHyx8Uwlphg,未練タラレバ(feat.ろーある)／Hanon【Music Video】,30515,30668,153,2024/07/06,MARUMOCHI from HoneyWorks
dNNZREIU5J0,FUZI × DECO*27 - 涙色スカイ(feat. Kotoha),104173,104324,151,2021/08/21,FUZI
HTyuHSfqEhI,会いたいよ／手塚翔太【Covered by Hanon】（ドラマ『あなたの番です~反撃編~』主題歌）,101748,101891,143,2019/09/08,Hanon
SK0SBbaYVeM,【MV】にゃんにゃんおやつクッキング／HoneyWorks feat. Hanon×Kotoha,104378,104518,140,2021/06/02,MARUMOCHI from HoneyWorks
wL-wz8uUVCM,メイド☆至上主義(feat. Hanon)／HoneyWorks,83233,83372,139,2023/11/04,Hanon
If5CZg9sAnQ,仮面ノ少女(feat.冨田悠斗)／Hanon【Music Video】,18865,19002,137,2024/09/21,MARUMOCHI from HoneyWorks
nv-CCJAqijU,ヒロインたるもの！／HoneyWorks【Covered by Hanon】,108524,108653,129,2021/07/25,Hanon
yrtakRYAFuM,青春アーカイブ／hololive 【covered by Hanon・Kotoha・勿忘みゆ・桔梗姫乃・碧海ヒカル・トウカ・はなあられ】,25831,25953,122,2024/02/23,AiceClass (あいすくらす) - OFFICIAL
RYLbk9hrjRM,Night Butterfly／Tani Yuuki【Covered by Hanon】,150794,150909,115,2021/05/08,Hanon
EhjzB_VhU9s,ニゲルガカチ / ハコニワリリィ（Hanon）【Music Video】,52192,52306,114,2022/10/14,MARUMOCHI from HoneyWorks
owyvSO7qNY0,推し★ごと／HoneyWorks feat.かぴ【Covered by Hanon】,216893,217004,111,2021/09/26,Hanon
dv4WEYzyQE8,Precious Days／Hanon【爆裂！スイーツランドEDテーマ 】,52776,52884,108,2023/05/10,Hanon
WDgayUYRCP4,『ナイ。』 MUSIC VIDEO 実写ver.【Hanon】,110266,110370,104,2022/06/30,Hanon
JEzEAmJGUSE,イデア(feat.きさら)／Hanon【Music Video】,15271,15354,83,2024/08/03,MARUMOCHI from HoneyWorks
_qJFQnBhKzc,弱者／konoco【Covered by Hanon】,47467,47550,83,2021/10/24,Hanon
qlycum7gYNA,寝起きヤシの木／Yukopi【Covered by Hanon】,66865,66939,74,2023/08/15,Hanon
s1a5fiDJGbw,マジェスティックラブ／Hanon ver.,61289,61363,74,2021/10/09,Hanon
BZHT1XYwAkY,長くなった春休み／Hanon,53971,54014,43,2020/04/19,Hanon
LRfS1tb57k8,先生に言っちゃお／イチョウ【Covered by Hanon】,75011,75051,40,2022/02/05,Hanon
QC1kj7qy_90,【試聴動画】水声少女／HoneyWorks feat.Hanon×Kotoha【重大発表】,47413,47443,30,2020/10/01,Kotoha